#SampleID	Sex	Day	Temperature	BarcodeSequence	LinkerPrimerSequence	Individual
#q2type	catagorical	catagorical	catagorical	catagorical	catagorical	catagorical
NVAB0	Female	day0	Initial	GCCGGTACTCTA	GTGTGYCAGCMGCCGCGGTAA	NVA
NVBB0	Female	day0	Initial	CTATTAAGCGGC	GTGTGYCAGCMGCCGCGGTAA	NVB
NVCB0	Female	day0	Initial	TACGCAGCACTA	GTGTGYCAGCMGCCGCGGTAA	NVC
NVDB0	Female	day0	Initial	TGACAACCGAAT	GTGTGYCAGCMGCCGCGGTAA	NVD
NVEB0	Female	day0	Initial	CGAACAGAGCGC	GTGTGYCAGCMGCCGCGGTAA	NVE
NVFB0	Male	day0	Initial	GCCGACGTGCCG	GTGTGYCAGCMGCCGCGGTAA	NVF
NVGB0	Male	day0	Initial	ACTAGGATCAGT	GTGTGYCAGCMGCCGCGGTAA	NVG
NVHB0	Male	day0	Initial	GTGCTGCGCTTA	GTGTGYCAGCMGCCGCGGTAA	NVH
NVIB0	Male	day0	Initial	AAGCTCTCCCAG	GTGTGYCAGCMGCCGCGGTAA	NVI
NVJB0	Male	day0	Initial	CCTCGTCGTCAG	GTGTGYCAGCMGCCGCGGTAA	NVJ
NVAW1	Female	day1	Warm	CGGACTCGTTAC	GTGTGYCAGCMGCCGCGGTAA	NVA
NVAC1	Female	day1	Cold	CAAGCCCTAGTA	GTGTGYCAGCMGCCGCGGTAA	NVA
NVBW1	Female	day1	Warm	CAGACGAGGAAC	GTGTGYCAGCMGCCGCGGTAA	NVB
NVBC1	Female	day1	Cold	CATTAGCTGGAA	GTGTGYCAGCMGCCGCGGTAA	NVB
NVCW1	Female	day1	Warm	CTCGATGTAAGC	GTGTGYCAGCMGCCGCGGTAA	NVC
NVCC1	Female	day1	Cold	GGATCAGCCGCG	GTGTGYCAGCMGCCGCGGTAA	NVC
NVDW1	Female	day1	Warm	TCTGAATGGTAG	GTGTGYCAGCMGCCGCGGTAA	NVD
NVDC1	Female	day1	Cold	GACGGCTATGTT	GTGTGYCAGCMGCCGCGGTAA	NVD
NVEW1	Female	day1	Warm	AGTGTCGATTCG	GTGTGYCAGCMGCCGCGGTAA	NVE
NVEC1	Female	day1	Cold	GACTTCATGCGA	GTGTGYCAGCMGCCGCGGTAA	NVE
NVFW1	Male	day1	Warm	CAGGGAGGATCC	GTGTGYCAGCMGCCGCGGTAA	NVF
NVFC1	Male	day1	Cold	CAAATCATTTCA	GTGTGYCAGCMGCCGCGGTAA	NVF
NVGW1	Male	day1	Warm	GGACTATCGTTG	GTGTGYCAGCMGCCGCGGTAA	NVG
NVGC1	Male	day1	Cold	ATTCCATTTAGA	GTGTGYCAGCMGCCGCGGTAA	NVG
NVHW1	Male	day1	Warm	TTCGCAGATACG	GTGTGYCAGCMGCCGCGGTAA	NVH
NVHC1	Male	day1	Cold	ATCTGTTACAAT	GTGTGYCAGCMGCCGCGGTAA	NVH
NVIW1	Male	day1	Warm	AACACATGGGTT	GTGTGYCAGCMGCCGCGGTAA	NVI
NVIC1	Male	day1	Cold	CACCTTACCTTA	GTGTGYCAGCMGCCGCGGTAA	NVI
NVJW1	Male	day1	Warm	AAGCACGTCTCA	GTGTGYCAGCMGCCGCGGTAA	NVJ
NVJC1	Male	day1	Cold	CGCTCGACTCCA	GTGTGYCAGCMGCCGCGGTAA	NVJ
NVAW2	Female	day2	Warm	TGGAGAGGAGAT	GTGTGYCAGCMGCCGCGGTAA	NVA
NVAC2	Female	day2	Cold	ATATATAGTATC	GTGTGYCAGCMGCCGCGGTAA	NVA
NVBW2	Female	day2	Warm	CGTACCAGATCC	GTGTGYCAGCMGCCGCGGTAA	NVB
NVBC2	Female	day2	Cold	CAGCGTTTAGCC	GTGTGYCAGCMGCCGCGGTAA	NVB
NVCW2	Female	day2	Warm	CCTGGAATTAAG	GTGTGYCAGCMGCCGCGGTAA	NVC
NVCC2	Female	day2	Cold	GCGCGAATGGTG	GTGTGYCAGCMGCCGCGGTAA	NVC
NVDW2	Female	day2	Warm	ATTAACTCCTAC	GTGTGYCAGCMGCCGCGGTAA	NVD
NVDC2	Female	day2	Cold	TACATATCTACA	GTGTGYCAGCMGCCGCGGTAA	NVD
NVEW2	Female	day2	Warm	TGTCCTATCAAT	GTGTGYCAGCMGCCGCGGTAA	NVE
NVEC2	Female	day2	Cold	TCTAGGTTATTC	GTGTGYCAGCMGCCGCGGTAA	NVE
NVFW2	Male	day2	Warm	TCTAAGAAAGAA	GTGTGYCAGCMGCCGCGGTAA	NVF
NVFC2	Male	day2	Cold	TGTCTACATACT	GTGTGYCAGCMGCCGCGGTAA	NVF
NVGW2	Male	day2	Warm	GGCATGTTATCG	GTGTGYCAGCMGCCGCGGTAA	NVG
NVGC2	Male	day2	Cold	GCCGCTCTTTGG	GTGTGYCAGCMGCCGCGGTAA	NVG
NVHW2	Male	day2	Warm	TTGCAAGTACCG	GTGTGYCAGCMGCCGCGGTAA	NVH
NVHC2	Male	day2	Cold	TAGGCTCGTGCT	GTGTGYCAGCMGCCGCGGTAA	NVH
NVIW2	Male	day2	Warm	ATTATCGTCCCT	GTGTGYCAGCMGCCGCGGTAA	NVI
NVIC2	Male	day2	Cold	CGCACAGCAAGG	GTGTGYCAGCMGCCGCGGTAA	NVI
NVJW2	Male	day2	Warm	TGGGCCGGAATG	GTGTGYCAGCMGCCGCGGTAA	NVJ
NVJC2	Male	day2	Cold	TGAACGTTGGAT	GTGTGYCAGCMGCCGCGGTAA	NVJ
NVAW3	Female	day3	Warm	CTACAATTGAGG	GTGTGYCAGCMGCCGCGGTAA	NVA
NVAC3	Female	day3	Cold	ATACGCATCAAG	GTGTGYCAGCMGCCGCGGTAA	NVA
NVBW3	Female	day3	Warm	ATAATAACTTGT	GTGTGYCAGCMGCCGCGGTAA	NVB
NVBC3	Female	day3	Cold	GGCCTTCAGTCA	GTGTGYCAGCMGCCGCGGTAA	NVB
NVCW3	Female	day3	Warm	TAGACACCGTGT	GTGTGYCAGCMGCCGCGGTAA	NVC
NVCC3	Female	day3	Cold	AACTCCTGTGGA	GTGTGYCAGCMGCCGCGGTAA	NVC
NVDW3	Female	day3	Warm	TCCTTAGAAGGC	GTGTGYCAGCMGCCGCGGTAA	NVD
NVDC3	Female	day3	Cold	TACAAGTGGTCC	GTGTGYCAGCMGCCGCGGTAA	NVD
NVEW3	Female	day3	Warm	GGTTTGCACATG	GTGTGYCAGCMGCCGCGGTAA	NVE
NVEC3	Female	day3	Cold	ACCCTATTGCGG	GTGTGYCAGCMGCCGCGGTAA	NVE
NVFW3	Male	day3	Warm	GCCTCGTACTGA	GTGTGYCAGCMGCCGCGGTAA	NVF
NVFC3	Male	day3	Cold	AGAGAACACTTA	GTGTGYCAGCMGCCGCGGTAA	NVF
NVGW3	Male	day3	Warm	GGTTTAACACGC	GTGTGYCAGCMGCCGCGGTAA	NVG
NVGC3	Male	day3	Cold	GGCGATTTACGT	GTGTGYCAGCMGCCGCGGTAA	NVG
NVHW3	Male	day3	Warm	ACGGACTGGCGC	GTGTGYCAGCMGCCGCGGTAA	NVH
NVHC3	Male	day3	Cold	GAGCTTGGCGGA	GTGTGYCAGCMGCCGCGGTAA	NVH
NVIW3	Male	day3	Warm	GATCTTGTTTGT	GTGTGYCAGCMGCCGCGGTAA	NVI
NVIC3	Male	day3	Cold	ACAAGAACCTTG	GTGTGYCAGCMGCCGCGGTAA	NVI
NVJW3	Male	day3	Warm	CATACTTGTCTA	GTGTGYCAGCMGCCGCGGTAA	NVJ
NVJC3	Male	day3	Cold	AGAGTGCTAATC	GTGTGYCAGCMGCCGCGGTAA	NVJ
NVAW4	Female	day4	Warm	GTACCGTTGCAA	GTGTGYCAGCMGCCGCGGTAA	NVA
NVAC4	Female	day4	Cold	TGGGTTAACACA	GTGTGYCAGCMGCCGCGGTAA	NVA
NVBW4	Female	day4	Warm	TGCTTGTAGGCA	GTGTGYCAGCMGCCGCGGTAA	NVB
NVBC4	Female	day4	Cold	TAAGTCGGCCTA	GTGTGYCAGCMGCCGCGGTAA	NVB
NVCW4	Female	day4	Warm	ATGGAAGGTGGC	GTGTGYCAGCMGCCGCGGTAA	NVC
NVCC4	Female	day4	Cold	GTGTCACTTTAT	GTGTGYCAGCMGCCGCGGTAA	NVC
NVDW4	Female	day4	Warm	GGAGATTGGAGA	GTGTGYCAGCMGCCGCGGTAA	NVD
NVDC4	Female	day4	Cold	GCTAAAGTCGTA	GTGTGYCAGCMGCCGCGGTAA	NVD
NVEW4	Female	day4	Warm	GATTGGCATAGT	GTGTGYCAGCMGCCGCGGTAA	NVE
NVEC4	Female	day4	Cold	GGCCATAGGCAG	GTGTGYCAGCMGCCGCGGTAA	NVE
NVFW4	Male	day4	Warm	ACTTTAAGGGTG	GTGTGYCAGCMGCCGCGGTAA	NVF
NVFC4	Male	day4	Cold	TTGAGGCTACAA	GTGTGYCAGCMGCCGCGGTAA	NVF
NVGW4	Male	day4	Warm	TGGCCAGGCAGC	GTGTGYCAGCMGCCGCGGTAA	NVG
NVGC4	Male	day4	Cold	AGTATTCGCGCA	GTGTGYCAGCMGCCGCGGTAA	NVG
NVHW4	Male	day4	Warm	GTCATAAGAACC	GTGTGYCAGCMGCCGCGGTAA	NVH
NVHC4	Male	day4	Cold	TATAAGGACACA	GTGTGYCAGCMGCCGCGGTAA	NVH
NVIW4	Male	day4	Warm	CGTAATTGCCGC	GTGTGYCAGCMGCCGCGGTAA	NVI
NVIC4	Male	day4	Cold	CACGTACACGTA	GTGTGYCAGCMGCCGCGGTAA	NVI
NVJW4	Male	day4	Warm	TAGATCCTCGGA	GTGTGYCAGCMGCCGCGGTAA	NVJ
NVJC4	Male	day4	Cold	TCTCATGTGGAG	GTGTGYCAGCMGCCGCGGTAA	NVJ
NVAW5	Female	day5	Warm	TCTGTGTCTAAT	GTGTGYCAGCMGCCGCGGTAA	NVA
NVAC5	Female	day5	Cold	TCAGCGCCGTTA	GTGTGYCAGCMGCCGCGGTAA	NVA
NVBW5	Female	day5	Warm	ATTTATCCGGTT	GTGTGYCAGCMGCCGCGGTAA	NVB
NVBC5	Female	day5	Cold	GGACTGGATGGC	GTGTGYCAGCMGCCGCGGTAA	NVB
NVCW5	Female	day5	Warm	CCGTTCAATGGA	GTGTGYCAGCMGCCGCGGTAA	NVC
NVCC5	Female	day5	Cold	ACGTTTGTGGCA	GTGTGYCAGCMGCCGCGGTAA	NVC
NVDW5	Female	day5	Warm	CAACCACTCGGT	GTGTGYCAGCMGCCGCGGTAA	NVD
NVDC5	Female	day5	Cold	GCGCTCCTCCGT	GTGTGYCAGCMGCCGCGGTAA	NVD
NVEW5	Female	day5	Warm	GTAGTCCCGCTC	GTGTGYCAGCMGCCGCGGTAA	NVE
NVEC5	Female	day5	Cold	CCTTAGTTTACA	GTGTGYCAGCMGCCGCGGTAA	NVE
NVFW5	Male	day5	Warm	TTCGTACTTCGT	GTGTGYCAGCMGCCGCGGTAA	NVF
NVFC5	Male	day5	Cold	CAACCGAGATTA	GTGTGYCAGCMGCCGCGGTAA	NVF
NVGW5	Male	day5	Warm	TCGCTGACTCGC	GTGTGYCAGCMGCCGCGGTAA	NVG
NVGC5	Male	day5	Cold	GTCGCACGTCTC	GTGTGYCAGCMGCCGCGGTAA	NVG
NVHW5	Male	day5	Warm	TTAACTGGAAGC	GTGTGYCAGCMGCCGCGGTAA	NVH
NVHC5	Male	day5	Cold	CCTTGGAATCGC	GTGTGYCAGCMGCCGCGGTAA	NVH
NVIW5	Male	day5	Warm	TCGGTAGCAACT	GTGTGYCAGCMGCCGCGGTAA	NVI
NVIC5	Male	day5	Cold	CTGAATCTGGTG	GTGTGYCAGCMGCCGCGGTAA	NVI
NVJW5	Male	day5	Warm	TTATCATTACGC	GTGTGYCAGCMGCCGCGGTAA	NVJ
NVJC5	Male	day5	Cold	GCTTACGTAGGT	GTGTGYCAGCMGCCGCGGTAA	NVJ